                  epoch,         train/box_loss,         train/cls_loss,         train/dfl_loss,   metrics/precision(B),      metrics/recall(B),       metrics/mAP50(B),    metrics/mAP50-95(B),           val/box_loss,           val/cls_loss,           val/dfl_loss,                 lr/pg0,                 lr/pg1,                 lr/pg2
                      1,                 1.7345,                 3.2367,                 1.4345,                0.26406,                0.18243,                0.10835,                0.05685,                 1.8792,                  2.496,                 1.4414,             0.00027571,             0.00027571,             0.00027571
                      2,                 1.4553,                 2.2554,                 1.3043,                0.33114,                0.26355,                0.18326,                0.10474,                 1.6787,                 2.0612,                 1.3451,             0.00044381,             0.00044381,             0.00044381
                      3,                  1.349,                 2.0515,                 1.2609,                0.47988,                 0.2524,                0.20092,                0.11936,                  1.597,                 1.9555,                 1.3043,             0.00050195,             0.00050195,             0.00050195
                      4,                 1.2885,                 1.9556,                 1.2276,                0.36711,                0.30148,                0.22441,                 0.1379,                 1.5276,                 1.8846,                 1.2783,              0.0003382,              0.0003382,              0.0003382
                      5,                 1.2416,                 1.9052,                 1.2111,                 0.3969,                0.30539,                0.23894,                0.15196,                 1.5084,                 1.8422,                 1.2544,             0.00017326,             0.00017326,             0.00017326
